id,no_karakter,tipe_karakter,ringkasan_esensi_profil,karakter_dasar_kekuatan,kelemahan_titik_kritis,kunci_pendekatan_negosiasi,sikap_harus_dibangun,motto_bawah_sadar
,1,LEADER,"Pemimpin berorientasi aksi, pragmatis, cepat, fokus hasil dan materi, namun lemah dalam pembinaan serta enggan dikritik.","• Tergasa-gesa dan tidak sabaran
• To The Point, blak-blakan / terbuka
• Cepat marah tetapi suka damai (kemarahanya tidak dipendam)
• Aura Leardership besar, tetapi lemah dalam pembinaan
• Egosentris (egois), senang tampil didepan
• Suka dengan system / cara-cara yang baru
• Jago menjual dan jago melobby
• Praktis, Phragmatis, orientasi ke materi
• Punya prinsip yang keras, tidak bisa bekerja dibawah orang lain","• Tidak suka dikritik / dilampaui / dibantah, gengsi besar","• Disanjung, diperhatikan dan dilayani","• Belajar tentang Leadership
• Lebih sabar dan mau menerima pendapat / saran orang lain",Aku datang……. aku buktikan……. aku menang ! Dan terbukti dalam bentuk materi
,2,DIPLOMAT,"Sosok konvensional, santun, cinta damai, setia dan tekun di balik layar, namun ragu mengambil keputusan serta takut risiko/perubahan.","• Konvensional, Tradisional
• Halus, sopan santun, memelihara etika
• Sangat sulit untuk membuat keputusan
• Peka dengan situasi sekitarnya
• Suka dengan hal-hal yang filsafat dan relegius
• Bermain dibalik layar
• Suka damai, tidak suka keributan dan mencampuri urusan orang lain
• Tekun, bisa melakukan hal membosankan secara berulang-ulang
• Loyalitas, setia sampai akhir
• Kalau sudah berjalan tidak bisa dicegah / distop","• Sulit membuat keputusan, takut perubahan
• Kurang berani menggambil resiko","• Disanjung, dilayani, diperhatikan dan dibuka paradikma berpikirnya",• Berani tampil dan lebih berani mengambil resiko,"Hidup adalah untuk dinikmati, masih bisa enak-enak begini, mengapa harus berubah"
,3,ANALIS,"Sosok perfeksionis estetis, analitis dan kritis, gemar menolong namun teoritis dan sangat sensitif terhadap perhatian serta penghargaan.","• Tampilannya rapi, gengsinya tinggi
• Tanpa disadari menjadi idola bagi orang lain
• Lebih suka kuwalitas daripada kuwantitas
• Jago dalam menganalisa dan mengkritik
• Suka kehidupan diluar rumah / Trevelling
• Teoristis, kurang praktis
• Suka membantu orang hingga nombok dan suka berkorban
• Keras kepala, kepala batu","• Lebih banyak teori dari pada praktek
• Lebih berdasar pada perasaan daripada logika","• Disanjung, diperhatikan dan dirayu gombal","• Turunkan gengsi dan mau mendengar orang lain
• Lebih praktis jangan teoristis",Hidup bukan untuk mencari uang tetapi untuk perhatian dan cinta
,4,REALIS,"Konseptor logis, pekerja keras pembangun sistem, setia kawan dan toleran, namun sangat keras kepala dan memandang uang sebatas alat tukar.","• Realistis, logis dan tidak muluk-muluk
• Konseptor, pekerja keras, ahli membuat proposal
• Menyukai bidang filsafat, relegius dan metafisik
• Cara kerjanya membangun system yang dapat memberikan hasil
• Loyalitas tinggi, toleransi dan setia kawan
• Jujur, suka efisiensi dan teratur
• Suka humor, memiliki khas tersendiri (tidak suka menerima sesuatu apa adanya/selalu ada polesan)
• Unik, kadang tradisional, tidak suka didominasi","• Keras kepala luar biasa jika menginginkan sesuatu
• Masalah pengaturan uang, dan uang hanyalah alat tukar","• Disanjung, dilayani, diajak humor dan tidak basa-basi",• Belajar lebih mementingkan diri sendiri dan menghargai uang,"Hidup bukan untuk mencari uang tetapi untuk meningkatkan kuwalitas hidup, dan uang hanya alat tukar"
,5,ADVENTURER,"Sosok cerdas, kreatif, berani mengambil risiko dan pembelajar cepat, namun mudah jenuh, tidak fokus, dan sering meninggalkan tugas setengah jalan.","• Penampilannya cemerlang, cerdas dan cepat belajar
• Otaknya cemerlang, penuh kreatifitas
• Minat diberbagai macam bidang, tetapi semuanya hanya setengah jalan (pembosan)
• Tampak seperti orang yang paling sibuk, padahal dia sendiri merasa hidupnya stagnan
• Berani dan suka mengambil resiko
• Suka tantangan / stimulasi untuk maju, terutama dalam bidang mental dan suka hal-hal yang intelektual
• Suka memberi motivasi dan mengajari orang (leardership)",• Penanganan yang tidak tuntas (kurang fokus),• Lakukan pendekatan intensif dengan percakapan yang intelek agar mampu merangsang perkembangan otak,"• Memiliki visi yang kuat sebagai muara akhir dari seluruh kegiatan anda
• Hilangkan sikap mental pembosan dan cepat jenuh",Hidup adalah untuk membuktikan ……. . setelah tahu……. . ganti lagi.
,6,IDEALIS,"Sosok tulus, sangat bertanggung jawab, berjiwa pelayanan dan harmonis, namun standarnya terlampau kaku dan perfeksionis terhadap aturan.","• Tulus dan bertanggung jawab
• Semua hal harus memenuhi aturan
• Sangat bisa dipercaya
• Perfeksionis, kalau ingin sesuatu syaratnya sangat banyak dan harus terpenuhi semua
• Punya jiwa pelayanan
• Dalam pergaulan suka keselarasan dan harmonis
• Mau berkorban demi teman, yang penting semua lancar
• Idealis punya motto "" Pengalaman adalah guru yang terbaik""
• Bukan tipe orang yang bisa hidup sendiri, tetapi tidak mudah mencari pasangan/sahabat karena standarnya terlalu tinggi",• Standar tinggi dan terlalu ikut aturan yang dikehendaki sehingga selalu merasa kurang sreg dengan sekeliling,• Tampil elegan dan sesuaikan gerak langkah dengan karakter dia,"• Sedikit toleransi dengan aturan (karena kita hidup di Indonesia)
• Lebih praktis dan aplikatif jangan text book","Betapa indahnya hidup, jika dunia ini diliputi dengan cinta dan kedamaian"
,7,EDUKATIF,"Sosok stylish, berwibawa layaknya guru pengayom, memiliki intuisi tajam, namun grafiknya fluktuatif tajam dan perlu disiplin investasi aset riil.","• Stylish, edukatif, intelektual
• Biasanya kalau pria tampan, kalau wanita cantik
• Tampil seperti orang berduit
• Sahabatnya dari berbagai kalangan
• Leadershipnya kuat sebagai guru yang mengayomi
• Temannya banyak, tetapi kadang suka menyendiri untuk menikmati kesendiriannya
• Suka membaca, belajar berbagai ilmu metafisik
• Punya indra keenam / feeling yang kuat
• Grafik kehidupannya tajam, kalau sukses tidak tanggung-tunggung begitu pula kalau jatuh
• Kadang tampak misterius dengan sifatnya yang tidak umum",• Saat sukses harus berinvestasi barang yang tidak mudah dilikuidasi sebagai cadangan saat jatuh,• Lakukan pendekatan dengan intelektualitas yang tinggi,• Mengenal lebih dalam tentang bisnis network,"Hidup bukan untuk menjadi orang biasa saja, tetapi harus menjadi insan yang luar biasa"
,8,EKSEKUTOR,"Pekerja sejati tanpa lelah, jujur, setia kawan dan organisator andal, namun kebaikannya rawan dimanfaatkan orang lain dan kurang peka seni.","• Type pekerja sejati, jujur dan praktis
• Rela bekerja siang malam tanpa henti, untuk mencapai standar yang diinginkan
• Keamanan materi sebagai ukuran kebahagiaan
• Pembela teman terbaik, bersedia berkorban pikiran, waktu dan uang
• Seorang organisator yang baik, efisien dan percaya diri
• Bukan type orang yang butuh suami/istri
• Hidupnya hanya untuk bekerja
• Kurang jiwa seni
• Panas didepan dingin dibelakang
• Pendekatan dalam relationship istimewa, orang membeli barang kepadanya bukan karena produknya tetapi karena relationshipnya.","• Kebaikan / keroyalannya sering dimanfaatkan orang lain
• Tidak percaya dengan cinta yang menggebu, tetapi cinta yang berlogika","• Disanjung, dirayu gombal, hargai kebaikannya dan keroyalannya",• Memperluas wawasan dan memiliki visi jangka panjang,"Ngak usah muluk-muluk, yang realistis dan logis saja, hidup itu perlu uang"
,9,ENTERTAINER,"Sosok karismatik, hangat, jago lobi dan kaya gagasan spektakuler, namun mudah mengumbar janji, visinya berubah-ubah dan lemah dalam eksekusi akhir.","• Pembawaannya hangat, mudah akrab
• Kharismatik, pemurah, optimisnya tinggi dan antusias
• Kuat dalam visi, tetapi lemah dalam penyelesaian
• Imanjinasinya tinggi, idenya banyak dan selalu berubah
• Semua idenya berkwalitas, serba wah
• Suka belajar berbagai macam hal
• Sebagai pusat informasi, setelah tahu sesuatu semua kawannya diberitahu
• Aura keuangannya sangat kuat, banyak dipercaya dalam hal keuangan
• Idenya membuat kagum orang
• Jago lobby tingkat tinggi","• Terlalu banyak mengumbar janji
• Visi / idenya yang berubah-ubah",• Pahamilah pikiran dan perasaan mereka,"• Lebih fokus, tidak berubah-ubah
• Lebih praktis, jangan teoristis",Hidup ini hanya sekali ……………… harus spektakuler……. . !