id,no_wuku,nama_wuku,dewane,watek_budi_pangerti,bilahi_bebaya,sesaji_ruwat,tindih_ruwat,selamatan_sega,selamatan_iwak,salawat,donga_slamet,pangupaya_jiwa,tamba_yen_lara,keterangan_barang_salawat
,1,Sinta,Sang Hyang Nyamadipati,"rebut arepan, gede kanepsone ora srantan kerep katiwasan, lembut budine enak wicarane lan cupet pangandele, nduweni kamukten, peritahe panas ing ngarep adem ing mburi, dadi pangaubane wong lara sangsara lan wong minggat, awet anom kebat sembarang gawene, weruh ing wangsit, ngatonake donyane, pradah ninging ora sarju, prihatinan, gede piyangkuhe tur mandita.",wayah Setengah Tuwuh Ora Dreman sarta Rada Akeh Laline,"GEDANG MORO SEBO kang tuwuh saktundun lan ARESARESAN (pala kependem , kasampar lan gumantung) sarta DAGING karo WOHINGNDAMI",21 PICIS,SEGA PULEN dangdangan,KEBO tukon 21 KETENG tanpa nganyang diolah pindang,4 keteng,Tolak Bilahi,ANDERES,"GODONG LUNTAS , utawa GODONG WALUH lan ASEM winor jamu",
,2,Landep,Sang Hyang Mahadewa,"bagus warnane tur ayu garwane, dreman anak, padang atine, de men samadi, parentahe panas ngarep adem ing buri, dadi pangaubaning wong lara sangsara lan wong minggat sarta ingoningoning Wong Agung wredine kanggep pangawulane, ngatonake kasugihane, pradah nanging ora sarju, gede bebudene akeh begjane, padang atine tur elingan lan bisa madangake atine liyan .",amarga Karubuhan Kekayon sarta Kurang Panarimane,MOJO 30 Glundung lan ARESARESAN,4 PICIS,SEGA TUMPENG dangdangan,MENJANGAN kinalak ginecok bakar,4 keteng,Kabula,ANDERES,"GODONG LUNTAS , utawa KEMBANG PULU winor jamu",
,3,Wukir,Sang Hyang Mahayekti,"ora kena tinangguh bebudine, pradah berboja kramane, sak enggon-enggone bisa paretah marang sakpadane, andap asor bebudine lan ing tembe bakal nemu kamukten Bagus warnane ugo arum wicarane, kanggep pangwulane, ora kena kaungkulan karo sakpadane, limpat sembarang gawe, angatokake kadonyane, pradah nanging ora sarju, adoh katon becik cedak katon ala, su ngil lan angel bebudine, pakewuhan nanging pradah ing pangan tur rilan lairbatin, pinter marang kagunan lan kasusastran.",amarga Kinaniaya dening sakpadane sarta Kasusahan Atine dewe,KERAMBIL saktabone 4 Glundung lan ARESARESAN,5 PICIS,SEGA WUDUK dangdangan,PITIK PUTIH sakwayahe linembaran kuluban warna : 5,4 keteng,Rajukna,UNDAGIYA(suwita),GODONG PAKIS binakar winor jamu,
,4,Kurantil,Sang Hyang Langsur,"bisa amet atining liyan, narima ing satitah, ora duwe kanepson, nang ing puguh budine, ing tembe antuk kabegjan, ora kena diaubi amarga saka panasten, ler weh ora bisa sim pen, satibatibane kangelan nanging diasihi wong Agung lan sembarang karepe rada ngiwa, kalamangsane bisa sugih uga bisa melarat.",amarga tiba saka Memenek sarta Kapitenah dening wong Agung,NANAS sakkuncunge 7 Iji lan ARESARESAN,7 PICIS,SEGA TUMPENG dangdangan,PITIK sakwayahe dipecel,7 keteng,Rajukna,LAKU DAGANG,GODONG TERONG winor jamu,
,5,Tolu,Sang Hyang Bayu,"kukuh bakuh pambekane mintir lan tatag budine lugu wicarane, wulet tur kanggo ing kaprajuritan, ora bisa sareh/ririh kebat cukat ing gawe sarta betah melek wengi, ngatokake donyane, pradah nanging ora sarju, ing tembe bakal nemu kabegjan lan kamuktene,angkuh tur ambedidig na nging ora langgeng, demen dora carita dene akeh kang resep sing pada mulat marang deweke.",amarga Kasungu utawa Kasiyung sarta kakehan kang dipikir,SEMANGKA wu tuhan 7 gelundung lan ARESARESAN,3 PICIS,SEGA WUDUK dangdangan,PITIK,3 keteng,Kabula,NGINGU BEBEK,BABAKAN SUWEG utawa KUNCI lan KEN CUR binakar,
,6,Gumbreg,Sang Hyang Cakra,"bisa ngungkuli sakpadane, ujar sapisan tur pratits, rila karana rai, pare ntahe adem ngarep panas ing buri, dadi pangaubane kadang wargane, kesit budine tur pinilala ing wong Agung, arum manis lan juweh wicarane, akeh kang resep sing pada mulat marang deweke, kanggep panga wulane, luhur piyangkuhe lan gede daulate, lila ing donyane ora nganggo raine, sugih kojah lan sugih ilmu atine sumucisuci nanging ora ngerti marang wekasane, temahan wigar anggagar tumrap ilmune.",amarga KABALABAG utawa KANCEMPLUNG BANYU sarta BINENDON ing wong Agung,BENEMAN GEMBILI 10 Iji lan ARESARESAN,4 PICIS,SEGA PERA dangdangan,PITIK BARUMBUN kang lumancur dipindang,4 keteng,Rajukna,NGUKIRUKIRA,BABAKAN SUWEG utawa GODONG SU WEG winor jamu,
,7,Warigalit,Sang Hyang Asmara,"bagus warnane, dadi kembanging pasamuwan, kerep rabi, dengki serei gede but arepane, ewuh kekarepane lumuh marang pajagongan, karem saba ing sepi, mungguh dadi pa ndita ana darajate amarga demen mangun semedi sarta prihatinan,saenggonenggon bisa dadi nanging ora lana (langgeng).",amarga DIEMBETAKE marang prakaraning liyan sarta LALEN,GEDANG GARAITA kang suluh satundun lan ARESARESAN,4 PICIS,SEGA URA dangdangan,KEBO RAJAPAN tukon brandon digecok,8 keteng,Tolak Bilahi,MANGUNMANGUNA,KAPAS SAWIT utawa GODONGKAPAS binenema winor jamu,
,8,Warigagung,Sang Hyang Maharesi,"akeh kamelikane lan abot sanggane, rame arum manis wicarane, ke dep lamun aparentah, wanter budine, bisa ngupaya ing pangane, lila peparonan, begjane ketemu ana ing tembe buri, sugih guna ora ketara, nanging linyok sajroning atine.",amarga KABENDON ing prasanake sarta KAPEDOTAN SIH ingkang aweh sandang pangan,UWI WUTUHAN ingedang lan ARESARESAN,5 PICIS,SEGA WUDUK dangdangan,BEBEK PUTIH diolah gegurihan lan kuluban 5 warna,5 keteng,Rasul,TEMEN SEMBARANG GAWE,KAPAS SAWIT utawa GODO NG KAPAS binakar,
,9,Julungwangi,Sang Hyang Sambu,"sembarang gandane angambarambar, lire sabarang karepe durung nganti kelakon uwis kajuwara ing wong akeh, cepak kabegjane, lilan lan pradah budine nanging kudu kina tonake pawewehe, receh uga manis arum wicarane tur ginugu sabasane sarta kanggep pangawulane, kina sihan ing wong akeh, bisa sembarang gawe nanging sajroning atine bosenan lan amrih dudu.",amarga TINEBAK ING MACAN sarta sebab saka ATINE GEDE nanging ORA KASEMBADAN karepe lan,DUREN 7 glundung lan ARESARESAN,KUCING,SEGA KABULI dangdangan,PITIK ABANG winor ing sega,,Tolak Bilahi,ADOL TIMAH,KEMANGI SAWIT utawa GODONG SERE,KUCING
,10,Sungsang,Sang Hyang Gana,"petengan aten, kuwat/rosa angkat junjung, anggalidik ora bisa nganggur keras budine, karem marang darbeking liyan, boros lan adoh begjane, murka pambekane marang penggawe kang kurang patut, lila ing donyane nanging ora karana rai, gede kanepsone lan isih kena dipalangi.",amarga KAWSEN (kena ing wesi) sarta sebab saka BINGUNG ATINE amarga kerep ANYIDRANI JANJI,"JAGUNG 40 ontong , lan ARESARESAN",10 PICIS,SEGA MEGANA dangdangan,"BEBEK lan PITIK sakarepe kang olah , lan janganan warna 9 winor ing sega megana mau",10 keteng,Kabula,KLITIKKLITIKA,TEMU SAWIT utawa BONGGOL GEDANG,
,11,Galungan,Sang Hyang Kumajaya,"bagus luruh ora lelemeran, bisa amrih ajering prihatin, tansah adedana ing badane, ora bisa gemi, satitik rejekine, gede kanepsone, karem marang darbeking liyan, anggali dik ora bisa nganggur, keras budine, anggone golek hasil sarana nenungkul waranane nganggo garagoda",amarga ATETUKARAN (padudon) sarta awit amarga LARANG ANAK lagi arep oleh Sih ing Gusti nuli kacanjekan ing bebaya,JERUK GEDE 4 glundung lan ARESAESRSAN,9 PICIS,SEGA dangdangan,WEDUS saulesulese lan PITIK IRENG MULUS sakwayahe dipindang,saketeng,Slamet Pina,DADI JAGAL,LAOS SAWIT,
,12,Kuningan,Sang Hyang Endra,"andarbeni kaluwihan, enak rinungu wicarane lan ambeg kumingsun, luwih adi ing warnane nanging sumingkir saka ing parameyan lan slamet penggalihane, anguh nanging nastiti Kebat trampil sembarang gawe, kumet, sugetan aten tur isinan rame wicarane lan akeh gorohing ati, yen ti nunjel ora bisa mungkasi karya.",amarga DIAMUK sarta sebab TININGGAL ING BATUR lan BUSANA,GEDANG EMAS satundun lan ARESARESAN,6 PICIS,SEGA PUNAR dangdangan,KEBO RANJAPAN digoreng,duwit anyar 11 keteng,Kabula,ADOLA EMAS,KUNIR winor jamu utawa EMPU KUNIR,
,13,Langkir,Sang Hyang Kala,"gede kanepsone, ora ngeman ing ragane, kang pada miyat wedi giris, can dala wangkot budine, murka akeh larangane, panast aten, ora kena cinedakan ing wong, ora kena ingauban lan rame wicarane, prajurit pambekane, ber kawanen ora mawang marang wong, sakeh swarane kayakaya nyilike ati nanging ora ngapaapa.",amarga KADURJANAN lan TETUKARAN sarta saka anggone GAWE PRAKARA dewe,BENDA 6 Glintir lan ARESARESAN,6 PICIS,SEGA WUDUK dangdangan,"WEDUS lan iwak LOH linembaran , janganan kang pe pak",5 keteng,Selamet Pina,ADOLA KROWODAN,GODONG CABE SAWIT utawa BENGLE SAWIT,
,14,Mandasiya,Sang Hyang Brama,"rosa keras pambekane, panas baranan nanging ana duryate, adem parentahe, kukuh lan diluluti ing wong akeh, dadi pangubaning wong kawelas asih, rosa budine, ora srantan barang karepe, gemi marang arta lan akeh rejekine, keliwat sabar ing ati ninging yen wis metu nepsune sok nemeni.",amarga KENA ING GENI sarta saka RINENGON ing wong Agung,JAMBU KLUTHUK 100 Iji lan ARESARESAN,10 PICIS,"SEGA AMBENGAN dangdangan beras abang , JANGANAN BAYEM ABANG","PITIK AB ANG dipindang , amongamongane KEMBANG SETAMAN kang sarwa abang",picis anyar kang putih 40 keteng,Selamet Pina,CRAKIYA,BAWANG utawa GODONG JAMBE winor jamu,
,15,Julungpujut,Sang Hyang Guretna,"kaduk meneng, yen nepsu kotbisu, becik pocapane lan ana kawisaya ne, bagus rupane tanpa ganda, saenggonenggon diupaya, gede karepe, aremit budine, tur lumuh kaung kulan sambarang karepe, ngalor ngidul anggone ngupaya pangan mulane ora kekurangan rejekine.",amarga KATELUH lan KATARAGNYANA sarta sebab saka KENA POCAPAN ALA amarga sok nyidrani janjine,"GEDANG BECICI kang suluh satundun , lan ARESARESAN",6 PICIS ba njur disedekahake,SEGA TUMPENG dangdangan,"PITIK ABANG kapanggang , kulubane warna 9 , sa lawate 30 KETENG , dongane Balasrewu lan Kunut",,Balasrewu Lan Kunut,MALANDANGA,ALANGALANG lan KEMANGI winor ja mu utawa GODONG SERE,
,16,Pahang,Sang Hyang Tantra,"paksa luwih pangucape mung waton para tatang lan angluhurake kasu janane, sugih yitna, lanas pangucape tur panasten, juweh wicarane, dadi pangaubaning wong welas asih lan wong minggat, demen ngiwa pambekan, boros lan rila ing dunyane, misuwur sabarange, ing njaba su ci nanging ing njero agung prihatin.",amarga KINANIAYA sarta sebab KENA ING PASANGAN,JAMBU KAMPLOK 100 Iji lan ARESARESAN,7 PICIS,SEGA WUDUK dangdangan,PITIK PUTIH MULUS linembarang kuluban warna 11,9 keteng,Rasul,ADOLA POLO WIJO,WHO KUDU utawa GODONG PACE WOH KUDU sarta DUREN,
,17,Kuruwelut,Sang Hyang Wisnu,"prayitna mantep ing gawe, wingit wicarane, demen angungasake kawruhe, anggraita atine, karem ing kaprajuritan, selamet resik penggalihe, kesit budine, lembut barang kare pe, demen marang sesanake lan rada prihatinan, ngatokake donyane, pradah nanging ora sarju, gede bu dine tur akeh begjane, watake angluwihi wicarane nanging ora teyeng wigati.",amarga KASUSAHAN lan KINANIAYA ING DURJANA,TEBU IRENG 4 Lonjor lan ARESARESAN,6 PICIS,WEDUS TRUJAH (wedus kang putih sikile ing ngarep) kaolah kang pepak,-,100 keteng,Kabula,DADIYA CARIK,"BLIGO winor jamu , utawa GODONG BLI GO lan OYODE",
,18,Marakeh,Sang Hyang Surenggana,"rada sinung kaelingan, saguh gumolong wicarane lan wani ing pakewuh, ora ana gawene, ora kena dikokon adoh, amasti kena ing bebaya, cepak kamuktene, angatokake pasihaning Dewane, kumet nanging arum manis wicarane lan tinunjel ing rembuk banjur anjloprongake murih dudune ing sapadapada",amarga KABALABAK sarta sebab saka dialakake ing wong akeh lan kerep diapusi,KEMIRI 100 Iji lan ARESARESAN,100 PICIS,SEGA WUDUK dangdangan,PITIK PUTIH MULUS linembaran lan JUWADAH warna-warna,100 keteng,Tolak Bilahi,NANDUR GEDANG,LERI BUNGKAK utawa BRAMBANG lan KUNCI,
,19,Tambir,sang Hyang Siwah,"ing tata lair seje karo batine, gegendungan bebudene kumalungkung lan demen gawe warta pangerameram tur weruh ing wewadi lan wangsit, ora kena ingauban, kumenjas bara ng wicarane, kumet sarta oneng asih ing Dewane, gede prabawan lan napsune, nanging akeh pepagere ing awake.",amarga kena ing PASANGAN sarta awit saka tininggal ing SANDANG PANGANE,sesa ji TIMUN 25 Iji lan ARESARESAN,DOM 100 Iji lan PANGOT WAJA SARAKIT,SEGA PULEN dangdangan,BEBEK LAN PITIK dipindang duduh putih lan duduh ab ang nganggo AMBENGAN TIMUN WATANG 25 Iji,,Selamet Pina,NGUNGGAHNA BANYU,"SUNTI winor jamu , utawa GODHONG RANTI",PANGOT lan DOM SIJI
,20,Medangkungan,Sang Hyang Basuki,"putus ing pamicara, narima ing titah, mantep budine, demen saba ing banyu, pikire katemu ing buri, dadi kembanging alas, yen ana ing nagara ora ana gawene, angluhurake ka dunyane, ngungasake tadane, ing satemah dadi nista lan atine rerenggi, amarga ora sukuran atine","amarga KACIDRA ing wayah wengi , sarana KASUDUK sarta saka enggone MADA PAWONGANG satemah nemu ing papa",KLAYU Satampah lan ARESARESAN,10 PICIS,SEGA PUNAR dangdangan,PITIK WIRING KUNING lan JENANG ABANG,5 keteng,Umur,ADOLA KAYU,JAHE winor jamu utawa JAHE lan SUNTI,
,21,Maktal,Sang Hyang Sakri,"banter atenatene, mantep ing sembarang, bagus warnane, arum wicarane tur pinilala sarta kinasihan ing wong Agung, kesit budine, kanggep pangawulane, luhur piyangkuhe gede daulate, sugihe bareng lan kasinggihane, wicarane daksiya marang sapadapadane nanging ing tembe yen uwis tuwa kasinungan becik budine.",amarga TETUKARAN sarta awit saka SINAING ing wong Agung,MANGGIS 30 Iji lan ARESARESAN,6 PICIS,SEGA WUDUK dangdangan,"PITIK lan BEBEK diolah warna loro pinindang lan line mbaran , ujube memule ing Gusti Rasul",4 keteng,Rasul,ADOLA SALAKA,TALES winor ing jamu,
,22,Wuye,Sang Hyang Kuwera,"bisa ambebungah atine wong, kenceng anggawokake wicarane, tambuh ing rame lan karem ing kaprajuritan, parentahe awor cugetan sarta putungan aten nanging ora lana lan uwas marang panggawe rahayu, prayitna tur landep atine, rila ing kekasihane, barang darbeke marang ka ng dadi karujukane uwis ora nganggo diengetake, luwih rilane sarta pracayane nanging sok mutung, dawa umure, gede daulate, luwih but arepane ora karem ing karameyan, rada pakewuhan, angel bebudene tan pa dadi enggone perang pamikir.",amarga KATELUH lan KATRAGNYANA sarta saka KAGEDEN PANGARUH,KACA NG DUNDUNGAN 6 tekem lan ARESARESAN,7 PICIS,"TUKON PASAR sawarnane lan sakehing JUWADAHAN , pangaji satak sawe , entekna kabeh kang tinuku disik MADU bakal ginawe salawat , dongane Tolak Bilahi.",-,,Tolak Bilahi,ADOLA SALAKA,BAYEM winor ing jamu,
,23,Manahil,Sang Hyang Citragotra,"angluhurake awake, pinter ngumpuli ing rame nanging angkuh, agu ng jagajaga bela tanpa pambekane, prayitna landep atine, satitk gawene nanging wulet tur kesit budine le mbut barang pikire, akedik pangane, andap asor parentahe nanging ora nganggo pangkat, angucira ing gawe, cat katon cat ora / sok sregep sok kesed.",amarga kena ing GEGAMAN sarta lagi becik awake KATEKAN BILAHI,KAPUNDUNG saktampah lan ARESARESAN,9 PICIS,SEGA LIWET dangdangan,"PITIK sakwayahe lan IWAK LOH , janganan kang pepak sambel gepeng",9 keteng,Selamet Tolak Bilahi,ADOLA PADANG utawa KERIS,KACANG winor ing jamu,
,24,Prangbakat,Sang Hyang Bisma,"kakon aten anggaregut, trengginas ing gawe tur isinan, angatokake wa taking prajurit lumaku tinuduh ing aprang, sembarang budine ora ana kang dipakewuhake, kenceng pangkat pamicarane, parentahe adem ngarep panas ing buri, dawa umure, cukup lumintu sandang pangane, ku kuh bakuh piyangkuhe, kebat sembarang gawe, isinan puguh tur kakon aten, dreman ing ilmu tur alus suci",amarga saka MEMENEK utawa POLAHE DEWE sarta jalaran DIALAKAKE ING SANAK KANCANE,RAMBUTAN satampah lan ARESARESAN,WESI GLIGEN,SEGA TUMPENG dangdangan,"SAPI diolah jajatah (sate) bumbu manis , janganan kang pepak",,Selamet Pina,AHLIYA MEMARANG,BENGUK winor ing jamu,PACUL
,25,Bala,Sang Hyang Batari Durga,"karem agawe garagoda, kekes giris miris kang krungu, jahil sarta karem angubungi ing kadursilan, ora ana kang dikeringi, luwih rosa yen lumaku silib, rame wicarane, ora kena ingauban, panas parentahe nanging kedep, kesit budine tur cedak maring wong Agung, luhur piyang kuhe, akeh daulate lan kanggep pangawulane, angtokake kasugihane, ora kena tinangguh bebudene,salah candak enggone ngupaya pangan, malah lara kasurangsurang.",amarga KATELUH lan KENA ING UPAS sarta yen KAWIYAK WADINE,KARA satampah lan ARESARESAN,7 PICIS,"SEGA TUMPENG dangdangan , janganan warna 7",PITIK IRENG MULUS dipanggang,40 keteng,Rajukna,ADOLA SEGA,WIJEN SAWIT winor ing jamu,
,26,Wugu,Sang Hyang Singajalma,"jembar budine, lepas kawruhe, sugih barang pangawikan nanging darbe budi rerenggi, luwes memes andap asor nanging srei, luwih prayitna ing lair nanging sakjroning ati kurang sujana, siaga andulu kaya anyidam yen uwis kelakon mangan ewa atine, ora kena kumpul ing akeh amarga mung mikir karepe dewe sarta kumet, ewuh kekarepane nanging jembar budine lan polatane .",amarga KACAKOT ULO utawa jalaran TETUKARAN lan sanak kadange,KIMPUL satampah lan ARESARESAN,10 PICIS,"SEGA PULEN dangdangan lan JUWADAH sawarnane , tukon pasar",BEBEK PUTIH sajodo linembaran,10 keteng,Selamet Kabula,BLANTIK JARAN,TEBU IRENG winor ing jamu,
,27,Wayang,Sang Hyang Batari Sri,"yen lanang bagus, yen wadon ayu warnane, tansah prihatin, anggung nastapa, welasan pambekane, pradah ing bojakramane tur nastiti, arum manis adem parentahe, luwes amemes sasolahe, akeh kayungyun kang mulat, resep kang andulu, pinilala ing wong Agung, arum manis ujare, gede daulate, kesit budine, rila ing donyane nanging kudu katingalake kabecikane, murah sandang pangane, prayitna landep atine, parentahe gampang ngarep angel ing buri, bisa madangake ati kang susah resik tur suci ing budi, temah yuwana sugih sarta terang ilmune.",amarga KACIDRA sarta sebab PETENG ATINE amarga kabeka sanak kadang,PELEM kang manis satampah lan ARESARESAN,8 PICIS,SEGA TUMPENG dangdangan,"WEDUS KENDIT diolah kang samekta , JUWADAH kang prayoga lan iwake PITIK diolah kang samekta , janganan pepak",4 keteng,Bumi,DADIYA JOGET,KECIPIR,
,28,Kulawu,Sang Hyang Sadhana,"ku,kuh tatag pambekane tur tanggon, welasan lan bisa ambungahake sapadane, dawa umure, gede daulate tur luwih kuwat, boros tarabas ora bisa sesimpen, akeh begjane, ge de budine, pradah rila ing donyane, adem ayem sembarang parentahe, rada kethul atine nanging bares ora darbe sigen, kawitane miskin nanging wekasane dadi sugih, awet jodone lamun wewayuhan .",amarga kena ing UPAS lan KACAKOT ULO,WALUH 2 Iji ingedang jeroning ginulan lan ARESARESAN,4 PICIS,SEGA GOLONG dangdangan,PITIK lan BEBEK pada ules abange sarta IWAK LOH diolah sakarepe,5keteng,Kabula,ADOLA DOM,SABARANG WALUH,
,29,Dukut,Sang Hyang Baruna,"prajurit, wanter keras budine, antepan lan wasis panggalihe, ora pegat ing kasujanane, pinilala ing wong Agung, kanggep pangawulane, arum manis wicarane, luhur piyangkuhe, gede daulate, prayitna landep panggraitane, barang katon kapengin, kiwa enggone epeh tan kena pinarekan gemi agung kasugihane lan akeh wong asih, bagus warnane lan gemi prawira ing lungid nanging cacade wedi lan isin ing paprangan .",amarga ana satengahing PAPRANGAN sarta sebab saka TININGGAL ing GUSTI lan WONG TUWA sing andadekake MELARAT,PARE WELUT wutuhan kinulup satampah lan ARESARESAN,6 PICIS,SEGA TUMPENG dangdangan,PITIK PUTIH MULUS lan PITIK BARUMBUN dipang gang,satak sawe keteng,Selamet Pina,ADOLA GEGODONGAN,LAMPES SAWIT,
,30,Watugunung,Sang Hyang Anantaboga lan Sang Hyang Batara Nagagini,"akeh kekarepane tansah prihatinan agung nantang catur, lumuh kaungkulan, kemaron sih lan angajab luputing wong, gugon tuhon tur manutan bagus warnane, sumingkir ing karameyan, wingit wicarane, gede butarepane, tambuh ing rame, karem saba ing asepi mungguh amandita ana darajate, demen mangun samadi nanging prihatinan, kasinungan cahya padang atine.",amarga KAPUSARA lan KINANIAYA sarta KENA WALAT amarga saka tekade dewe,"GEDANG RAJA kang suluh satundun lan MUNDU kang kuning satampah sarta ARESARESAN kang pepak sakehing pala kapendem , kasempar lan gumantung",SATAK SAWE,SEGA TUMPENG dangdangan,"BURON DARAT , BURON MABUR lan BURON LENG ,kang pada khalal kabeh , wowohan , juwadah kang papak , kuluban warna 7",19 keteng,Mubarak,ADOLA BATA,RANTI SAWIT,
