id,nama_masehi,neptu_dina,nama_kuno_sanskerta,nama_arab_sultan_agung,jenis_sesaji,yang_dipuja_elemen,penghidupan_tempat,rupa_warna,nabi_tokoh_pengawal,lambang,watak_utama,deskripsi,rekomendasi_profesi
,Senin,4,Soma,Isnain,Perak,Bulan,Selatan,Kuning,Nabi Musa,Kembang,"Selalu berubah, indah dan banyak mendapatkan simpati","• Selalu berubah, indah dan banyak mendapatkan simpati
• Cenderung narsis dan posesif
• Selalu ceria atau periang
• Selalu membuat kesan humoris pada orang-orang di sekitarnya
• Mempunyai daya pikat yang luar biasa, aura begitu kuat sama seperti bunga
• Selalu menjadi pusat perhatian dan orang-orang segera menyukainya","Seni hiburan, presenter / host, public relations, performer."
,Selasa,3,Anggara,Tslasa,Gangsa (Perunggu),Api,Selatan Barat,Merah Kuning,Nabi Isa,Geni,"Pemarah dan pencemburu, luas pergaulannya","• Pemarah dan pencemburu, luas pergaulannya
• Kharismatik dan disegani karena mempunyai jiwa pemimpin
• Mempunyai rasa percaya diri yang sangat tinggi
• Berpenampilan tegap (pria) atau anggun & elegan (wanita)
• Sikap bawaan membuat orang mudah percaya dengan perkataannya","Politik, orator / juru bicara, perdagangan, wirausaha / pebisnis handal."
,Rabu,7,Buda,Arba’a,Besi,Bumi,Selatan Timur,Hitam Putih,Nabi Ibrahim,Godhong,"Pendiam, pemomong dan penyabar","• Pendiam, pemomong, penyabar, dan berjiwa dermawan
• Sifat penuh kasih membuat rentan dimanfaatkan orang lain
• Mempunyai daya empati sangat kuat dan mudah jatuh cinta
• Cenderung kurang bersikap tegas
• Selalu merasa kasihan meski terkadang merugikan diri sendiri","Guru / pendidik, dokter, tenaga medis / kemanusiaan, konselor."
,Kamis,8,Respati,Khamis,Perunggu,Petir,Timur Persis,Merah,Dewi Fatimah,Angin,"Sangar menakutkan, pekerja keras tangguh","• Sangar menakutkan, berkarakter pekerja keras (pantang diam)
• Malas adalah musuh terbesarnya, selalu aktif mengembangkan kreativitas
• Sangat bertanggung jawab terhadap pekerjaan dan keluarga
• Selalu siap menjadi tulang punggung keluarga","Pelaut, pekerjaan fisik & logistik, pengusaha / pebisnis yang ekspansif."
,Jumat,6,Sukra,Jum’at,Tembaga,Air,Barat Persis,Hitam,Nabi Muhammad,Banyu,"Enerjik mengagumkan, diam-diam menghanyutkan","• Enerjik mengagumkan dengan sifat dasar tenang dan dingin (diam-diam menghanyutkan)
• Cenderung pemurung, mudah memasukkan masalah ke dalam hati
• Mempunyai sifat bijaksana yang luar biasa
• Mencintai ketenangan, lebih suka mengalah daripada bertikai","Penulis, sastrawan, seniman, jurnalis, advokat / hakim."
,Sabtu,9,Saniscara / Tumpak,Sabt,Timah,Angin,Utara Barat,Putih,Nabi Yusuf,Lemah,"Membuat orang merasa senang, susah ditebak","• Membuat orang senang, berpengetahuan luas meski pendiam
• Berjiwa penjelajah dan pelancong, senang memahami lingkungan dunia
• Mempunyai jiwa petualang tinggi, pemberani, ulet, dan pantang menyerah
• Memandang kegagalan sebagai kesuksesan yang tertunda","Duta besar / diplomat, antropolog, sejarawan, pemandu ekspedisi."
,Minggu,5,Radite,Akhad,Emas,Matahari,Utara,Kelabu,Nabi Nuh,Angkasa,"Tekun mandiri, berwibawa, wawasan luas","• Tekun mandiri, berwibawa dengan wawasan luas dan pandangan jauh ke depan
• Sangat optimis, selalu ceria dan jarang bersedih
• Menganggap kegagalan hidup hanyalah riak kecil dalam bahtera kehidupan
• Kelemahan: cenderung sombong, ingin menang sendiri, merasa paling cerdas","Presiden / negarawan, pilot, orator / public speaker, model profesional."