id,nama_pasaran,neptu_pasaran,nama_kuno,unsur_sadulur_papat,kiblat_tempat,sinar_aura,kota_bahan,laut,burung,kayu_pohon,tokoh_wayang,watak_utama,deskripsi,catatan_rejeki_nasib
,Pon,7,Jenean,Air,Barat,Kuning,Kencana (Emas),Madu,Kepodang,Kemuning,Batara Kamajaya,"Bicaranya diterima banyak orang, mandiri & teguh pendirian","• Bicaranya banyak diterima orang lain
• Suka tinggal di rumah dan betah di kediaman
• Tidak mau mengambil/memakan apa yang bukan hak miliknya
• Jalan pikirannya sering berbeda dari pandangan umum
• Cenderung suka marah kepada keluarga, suka berbantahan, dan berani kepada atasan",Rejekinya cukup dan senantiasa berkecukupan.
,Wage,4,Cemengan,Tanah,Utara,Hitam,Besi,Nila,Dandang (Gagak),Telasih,Batara Wisnu,"Menarik namun berkarakter angkuh, setia dan penurut","• Berdaya tarik memikat tetapi cenderung terlihat angkuh
• Memiliki loyalitas tinggi, setia, dan penurut
• Bersikap kaku hati dan cenderung tidak bisa berpikir panjang
• Mudah gelap pikiran jika dihadapkan pada tekanan",Perlu dibantu orang lain dalam mencari nafkah; rentan mendapat fitnah.
,Kliwon,8,Kasih,Sukma / Jiwa (Pancer),Tengah / Pusat,Mancawarna,Majupat (Empat Logam),Majupat (Empat Rasa),Bayan Beraneka Ules,Semua Kayu,Pancer Sukma Sejati,"Pandai bergaul & periang, ambisius namun setia janji","• Sangat pandai berbicara, supel, dan mudah bergaul
• Berjiwa periang dan ambisius dalam mencapai tujuan
• Berjiwa bebas/urakan, teguh memegang janji
• Kurang bisa membalas budi dan sering ceroboh memilih makanan","Banyak mendapatkan keselamatan, perlindungan, dan doa."
,Legi,5,Manis / Pethakan,Udara,Timur,Putih,Selaka (Perak),Santan Kelapa,Bangau,Sekar Petak,Batara Narada,"Bertanggung jawab, murah hati, selalu gembira","• Penuh tanggung jawab dan berhati murah hati (dermawan)
• Sangat supel, enak diajak bergaul, pembawaan gembira seolah tanpa beban
• Kuat begadang / melek di malam hari
• Bicaranya berisi dan berbobot, meski berhati-hati namun sering bingung sendiri","Banyak mengalami keberuntungan, namun juga sering diterpa fitnah dan kesialan."
,Pahing,9,Abritan,Api,Selatan,Merah,Tembaga,Darah,Burung Kuning,Ingas,Batara Brahma,"Penuh perhitungan, mandiri, suka menolong & cinta kebersihan","• Tekun dan penuh perhitungan dalam mencari keuntungan
• Mandiri, kuat menahan lapar, berjiwa penolong, dan cinta kebersihan
• Berhasrat tinggi untuk memiliki barang/pencapaian
• Jika tersinggung marahnya sangat menakutkan, sehingga cenderung memiliki lawan/musuh",Sering kena tipu; jika kehilangan barang/peluang jarang bisa kembali.